"ID","Name","RA","DEC","Obj. Type","Redshift","Host Name","Host Redshift","Reporting Group/s","Discovery Data Source/s","Classifying Group/s","Associated Group/s","Disc. Internal Name","Disc. Instrument/s","Class. Instrument/s","TNS AT","Public","End Prop. Period","Discovery Mag/Flux","Discovery Filter","Discovery Date (UT)","Sender","Remarks","Discovery Bibcode","Classification Bibcodes","Ext. catalog/s"
"111651","SN 2022ofv","23:50:24.863","+29:52:56.99","SN Ic-BL","0.0472","SDSS J235024.97+295257.3","","ALeRCE, ATLAS","ZTF, ATLAS","ZTF","ALeRCE; ATLAS","ZTF22aarwwyy","ATLAS-HKO - ATLAS-02, ATLAS-MLO - ATLAS-01, P48 - ZTF-Cam","Keck1 - LRIS","1","1","","19.3243","r-ZTF","2022-07-04 09:20:16.996","ALeRCE","","2022TNSTR1864....1M","2022TNSCR2451....1S",""
"107793","SN 2022ixu","13:51:19.860","+58:54:38.88","SN Ic-BL","0.072","","","ZTF, GaiaAlerts","ZTF, GaiaAlerts","ZTF","GaiaAlerts; ZTF","ZTF22aahxaiv","Gaia - Gaia-photometric, P48 - ZTF-Cam","P200 - DBSP","1","1","","19.42","g-ZTF","2022-04-29 07:58:04.800","ZTF_Bot1","","2022TNSTR1117....1F","2022TNSCR1657....1S",""
"106555","SN 2022hdn","15:00:09.143","+36:07:13.09","SN Ic-BL","0.161","SDSS J150009.15+360712.9","","ALeRCE, Pan-STARRS, ATLAS","ZTF, Pan-STARRS, ATLAS","SGLF","ALeRCE; ATLAS; Pan-STARRS","ZTF22aadrjte","ATLAS-HKO - ATLAS-02, ATLAS-MLO - ATLAS-01, P48 - ZTF-Cam, PS2 - GPC2","LT - SPRAT","1","1","","20.2193","g-ZTF","2022-04-03 08:10:44.999","ALeRCE","","2022TNSTR.915....1F","2022TNSCR1734....1P",""
"102487","SN 2022eqb","13:29:05.920","-04:54:21.72","SN Ic-BL","0.06","","","Pan-STARRS, ATLAS, ZTF","Pan-STARRS, ATLAS, ZTF","ePESSTO+","ATLAS; Pan-STARRS; ZTF","PS22cap","ATLAS-HKO - ATLAS-02, ATLAS-MLO - ATLAS-01, P48 - ZTF-Cam, PS2 - GPC2","ESO-NTT - EFOSC2-NTT","1","1","","19.26","w-P1","2022-03-07 13:40:56.640","PS2_Bot1","","2022TNSTR.673....1C","2022TNSCR.763....1M",""
"101068","SN 2022crr","15:24:49.132","-21:23:21.73","SN Ic-BL","0.0188","","","ATLAS, ZTF, Pan-STARRS","ATLAS, ZTF, Pan-STARRS","UCSC","ATLAS; Pan-STARRS; ZTF","ATLAS22gcd","ATLAS-STH - ATLAS-03, P48 - ZTF-Cam, PS2 - GPC2","SOAR - Goodman","1","1","","17.965","orange-ATLAS","2022-02-18 02:35:23.424","ATLAS_Bot1","","2022TNSTR.436....1T","2022TNSCR.520....1D",""
"100955","SN 2022cob","14:59:35.390","+14:07:44.00","SN Ic-BL","0.0445","","","ZTF, ATLAS, AMPEL, Pan-STARRS","ZTF, ATLAS, Pan-STARRS","Global SN Project","AMPEL; ATLAS; Pan-STARRS; ZTF","ZTF22aaaoyme","ATLAS-HKO - ATLAS-02, ATLAS-MLO - ATLAS-01, P48 - ZTF-Cam, PS2 - GPC2","FTN - FLOYDS-N","1","1","","19.15","g-ZTF","2022-02-15 09:14:24.000","ZTF_Bot1","","2022TNSTR.413....1F","2022TNSCR.509....1P",""
"100630","SN 2022cca","09:09:10.355","-03:51:57.41","SN Ic-BL","0.042","","","ZTF, ATLAS, Fink, Pan-STARRS","ZTF, ATLAS, Pan-STARRS","ePESSTO+","ATLAS; Fink; Pan-STARRS; ZTF","ZTF22aaahuly","ATLAS-HKO - ATLAS-02, ATLAS-MLO - ATLAS-01, P48 - ZTF-Cam, PS2 - GPC2","ESO-NTT - EFOSC2-NTT","1","1","","19.13","g-ZTF","2022-02-12 07:06:14.400","ZTF_Bot1","","2022TNSTR.371....1F","2022TNSCR.500....1K",""
"100327","SN 2022bqt","00:51:26.714","+40:43:46.35","SN Ic-BL","0.01953","","","ATLAS, ZTF","ATLAS, ZTF","SCAT","ATLAS; ZTF","ATLAS22ffi","ATLAS-HKO - ATLAS-02, ATLAS-MLO - ATLAS-01, P48 - ZTF-Cam","UH88 - SNIFS","1","1","","18.397","orange-ATLAS","2022-02-08 05:38:30.048","ATLAS_Bot1","","2022TNSTR.322....1T","2022TNSCR.353....1H",""
"99154","SN 2022ys","02:21:47.203","-10:01:38.15","SN Ic-BL","0.017455","","","ATLAS","ATLAS","SCAT, None","ATLAS","ATLAS22btr","ATLAS-MLO - ATLAS-01","Other - Other, UH88 - SNIFS","1","1","","17.21","orange-ATLAS","2022-01-17 06:40:19.200","ATLAS_Bot1","","2022TNSTR.133....1T","2022TNSCR.213....1P, 2022TNSCR.211....1T",""
"97818","SN 2021agqh","10:12:58.540","-16:16:32.56","SN Ic-BL","0.05","","","GaiaAlerts, ATLAS, Pan-STARRS","GaiaAlerts, ATLAS, Pan-STARRS","ePESSTO+","ATLAS; GaiaAlerts; Pan-STARRS","Gaia21fss","ATLAS-MLO - ATLAS-01, Gaia - Gaia-photometric, PS2 - GPC2","ESO-NTT - EFOSC2-NTT","1","1","","18.94","G-Gaia","2021-12-24 00:20:09.600","Gaia_Bot1","","2021TNSTR4218....1H","2022TNSCR...9....1A",""
"97742","SN 2021agnl","01:33:05.655","+29:46:24.33","SN Ic-BL","0.0546","WISEA J013305.78+294626.6","0.054609","XOSS, ATLAS","XOSS, ATLAS","None","ATLAS; XOSS","XM87HT","ATLAS-MLO - ATLAS-01, Other - Other","Lijiang-2.4m - YFOSC","1","1","","18.1","Clear-","2021-12-24 15:15:36.576","Tan","","2021TNSTR4207....1T","2021TNSCR4222....1Z",""
"96192","SN 2021aein","23:25:48.660","+44:06:21.24","SN Ic-BL","0.008","","","GaiaAlerts","GaiaAlerts","None","GaiaAlerts","Gaia21fcw","Gaia - Gaia-photometric","Other - Other","1","1","","15.93","G-Gaia","2021-11-11 04:10:33.600","Gaia_Bot1","","2021TNSTR3880....1H","2021TNSCR3965....1B",""
"94979","SN 2021acpm","05:12:23.001","-13:12:19.43","SN Ic-BL","0.042","WISEA J051223.07-131220.9","","ALeRCE, ATLAS, Pan-STARRS","ZTF, ATLAS, Pan-STARRS","ZTF, ePESSTO+","ALeRCE; ATLAS; Pan-STARRS","ZTF21acjmvhx","ATLAS-HKO - ATLAS-02, P48 - ZTF-Cam, PS1 - GPC1","ESO-NTT - EFOSC2-NTT, P60 - SEDM","1","1","","18.3798","r-ZTF","2021-10-30 10:08:06.996","ALeRCE","","2021TNSTR3686....1D","2021TNSCR3777....1C, 2021TNSCR3787....1C",""
"94707","SN 2021acfe","00:49:30.761","+23:51:42.33","SN Ic-BL","0.045","","","ZTF, AMPEL, ATLAS, Pan-STARRS","ZTF, ATLAS, Pan-STARRS","SCAT, ePESSTO+","AMPEL; ATLAS; Pan-STARRS; ZTF","ZTF21aciuhqw","ATLAS-HKO - ATLAS-02, ATLAS-MLO - ATLAS-01, P48 - ZTF-Cam, PS1 - GPC1, PS2 - GPC2","ESO-NTT - EFOSC2-NTT, UH88 - SNIFS","1","1","","19.3","g-ZTF","2021-10-25 05:22:33.600","ZTF_Bot1","","2021TNSTR3649....1F","2021TNSCR3789....1P, 2021TNSCR3787....1C",""
"93855","SN 2021aazw","23:47:34.310","-07:48:25.09","SN Ic-BL","0.023563","","","ZTF, ATLAS, GaiaAlerts, Pan-STARRS","ZTF, ATLAS, GaiaAlerts, Pan-STARRS","ZTF","ATLAS; GaiaAlerts; Pan-STARRS; ZTF","ZTF21acgxypn","ATLAS-HKO - ATLAS-02, ATLAS-MLO - ATLAS-01, Gaia - Gaia-photometric, P48 - ZTF-Cam, PS2 - GPC2","P200 - DBSP","1","1","","19.02","r-ZTF","2021-10-10 07:10:33.600","ZTF_Bot1","","2021TNSTR3468....1F","2021TNSCR3777....1C",""
"93216","SN 2021aabp","23:09:55.085","+09:41:08.98","SN Ic-BL","0.07","SDSS J230955.65+094116.2","","ALeRCE, ATLAS, Pan-STARRS","ZTF, ATLAS, Pan-STARRS","ePESSTO+","ALeRCE; ATLAS; Pan-STARRS","ZTF21acekmmm","ATLAS-HKO - ATLAS-02, ATLAS-MLO - ATLAS-01, P48 - ZTF-Cam, PS2 - GPC2","ESO-NTT - EFOSC2-NTT","1","1","","19.547","g-ZTF","2021-09-30 06:08:45.001","ALeRCE","","2021TNSTR3352....1M","2021TNSCR3416....1B",""
"92359","SN 2021ywf","05:14:10.992","+01:52:52.34","SN Ic-BL","0.02825","","","AMPEL, Fink, ATLAS, Pan-STARRS","ZTF, ATLAS, Pan-STARRS","ZTF","AMPEL; ATLAS; Fink; Pan-STARRS","ZTF21acbnfos","ATLAS-HKO - ATLAS-02, ATLAS-MLO - ATLAS-01, P48 - ZTF-Cam, PS2 - GPC2","P200 - DBSP","1","1","","20.03","r-ZTF","2021-09-12 11:10:58.080","ZTF_AMPEL_NEW","","2021TNSTR3174....1N","2021TNSCR3339....1C",""
"91007","SN 2021wwm","21:10:21.934","-42:04:22.23","SN Ic-BL","0.04","","","ATLAS, MASTER","ATLAS, MASTER","ePESSTO+","ATLAS; MASTER","ATLAS21bgss","ATLAS-HKO - ATLAS-02, ATLAS-MLO - ATLAS-01, Other - Other","ESO-NTT - EFOSC2-NTT","1","1","","18.021","orange-ATLAS","2021-08-25 09:54:43.200","ATLAS_Bot1","","2021TNSTR2922....1T","2021TNSCR2952....1T",""
"89317","SN 2021ukr","13:38:43.680","-15:38:17.30","SN Ic-BL","0.04","","","ATLAS, GaiaAlerts","ATLAS, GaiaAlerts","ePESSTO+","ATLAS; GaiaAlerts","ATLAS21bcqe","ATLAS-HKO - ATLAS-02, Gaia - Gaia-photometric","ESO-NTT - EFOSC2-NTT","1","1","","18.344","orange-ATLAS","2021-07-31 06:07:12.000","ATLAS_Bot1","","2021TNSTR2628....1T","2021TNSCR2659....1P",""
"89111","SN 2021ucw","14:14:14.012","-40:15:59.36","SN Ic-BL","0.04","","","ATLAS","ATLAS","ePESSTO+","ATLAS","ATLAS21bchp","ATLAS-HKO - ATLAS-02, ATLAS-MLO - ATLAS-01","ESO-NTT - EFOSC2-NTT","1","1","","18.729","orange-ATLAS","2021-07-26 06:10:04.800","ATLAS_Bot1","","2021TNSTR2564....1T","2021TNSCR2619....1M",""
"88735","SN 2021too","21:40:54.286","+10:19:30.54","SN Ic-BL","0.07","","","YSE, ALeRCE, ATLAS, AMPEL, Pan-STARRS","Pan-STARRS, ZTF, ATLAS","ePESSTO+","ALeRCE; AMPEL; ATLAS; Pan-STARRS; YSE","PS21iap","ATLAS-MLO - ATLAS-01, P48 - ZTF-Cam, PS1 - GPC1, PS2 - GPC2","ESO-NTT - EFOSC2-NTT","1","1","","19.5","i-Sloan","2021-07-17 14:22:33.600","YSE_Bot1","","2021TNSTR2481....1J","2021TNSCR2659....1P",""
"86538","SN 2021qjv","15:10:47.072","+49:12:18.05","SN Ic-BL","0.03803","","","ZTF, Pan-STARRS, AMPEL, ATLAS","ZTF, Pan-STARRS, ATLAS","ZTF","ATLAS; Pan-STARRS; ZTF","ZTF20abcjdwu","ATLAS-HKO - ATLAS-02, ATLAS-MLO - ATLAS-01, P48 - ZTF-Cam, PS1 - GPC1","Keck1 - LRIS","1","1","","19.6777","g-ZTF","2021-06-16 06:55:17.760","ZTF_CLU_PUBLIC","","2021TNSTR2126....1D","2021TNSCR2534....1C",""
"85394","SN 2021otc","15:17:00.578","+22:05:47.31","SN Ic-BL","0.4","","","ALeRCE, ATLAS","ZTF, ATLAS","REFITT","ATLAS; ZTF","ZTF21abeafwt","ATLAS-MLO - ATLAS-01, P48 - ZTF-Cam","SOAR - Goodman","1","1","","20.7654","r-ZTF","2021-06-04 07:39:24.002","ALeRCE","","2021TNSTR1900....1M","2021TNSCR2881....1W",""
"84273","SN 2021ncn","22:36:32.927","+25:45:40.58","SN Ic-BL","0.024617","IC 5233","0.024617","ALeRCE","ZTF","ZTF","ZTF","ZTF21abchjer","P48 - ZTF-Cam","P60 - SEDM","1","1","","18.5843","r-ZTF","2021-05-23 11:09:53.004","ALeRCE","","2021TNSTR1769....1F","2021TNSCR1879....1D",""
"82660","SN 2021ktv","11:03:03.883","+08:51:39.74","SN Ic-BL","0.06","","","ATLAS, ALeRCE, Fink","ATLAS, ZTF","SCAT","ATLAS; ZTF","ATLAS21nqw","ATLAS-HKO - ATLAS-02, P48 - ZTF-Cam","UH88 - SNIFS","1","1","","19.501","orange-ATLAS","2021-05-01 07:42:14.400","ATLAS_Bot1","","2021TNSTR1406....1T","2021TNSCR1718....1T",""
"80748","SN 2021hyz","09:27:36.506","+04:27:10.98","SN Ic-BL","0.0461","WISEA J092736.91+042710.3","0.046169","ALeRCE, Fink, ATLAS","ZTF, ATLAS","ZTF","ATLAS; ZTF","ZTF21aartgiv","ATLAS-MLO - ATLAS-01, P48 - ZTF-Cam","P60 - SEDM","1","1","","20.2949","g-ZTF","2021-04-03 03:43:21.003","ALeRCE","","2021TNSTR1011....1F","2021TNSCR1403....1D",""
"80374","SN 2021hku","20:32:01.913","-53:44:58.27","SN Ic-BL","0.011","ESO 186-IG 059","0.010908","ASAS-SN","ASAS-SN","ePESSTO+","ASAS-SN","ASASSN-21en","ASASSN-2 - Cassius","ESO-NTT - EFOSC2-NTT","1","1","","16.7","g-Sloan","2021-03-31 08:23:59.000","Stanek","","2021TNSTR.968....1S","2021TNSCR1030....1P",""
"79081","SN 2021fop","07:46:42.904","+07:12:38.66","SN Ic-BL","0.05","","","ATLAS, ZTF","ATLAS, ZTF","SCAT","ATLAS; ZTF","ATLAS21huv","ATLAS-MLO - ATLAS-01, P48 - ZTF-Cam","UH88 - SNIFS","1","1","","18.625","orange-ATLAS","2021-03-15 07:24:57.600","ATLAS_Bot1","","2021TNSTR.771....1T","2021TNSCR.865....1T",""
"78405","SN 2021epp","08:10:55.286","-06:02:49.39","SN Ic-BL","0.0385","SDSS J081055.23-060249.3","","ALeRCE, ATLAS","ZTF, ATLAS","ePESSTO+","ATLAS; ZTF","ZTF21aaocrlm","ATLAS-MLO - ATLAS-01, P48 - ZTF-Cam","ESO-NTT - EFOSC2-NTT","1","1","","19.6148","r-ZTF","2021-03-05 04:30:27.000","ALeRCE","","2021TNSTR.685....1M","2021TNSCR.762....1K",""
"76243","SN 2021bmf","16:33:29.416","-06:22:49.51","SN Ic-BL","0.04","","","ATLAS, ZTF","ATLAS, ZTF","ePESSTO+","ATLAS; ZTF","ATLAS21djt","ATLAS-HKO - ATLAS-02, ATLAS-MLO - ATLAS-01, P48 - ZTF-Cam","ESO-NTT - EFOSC2-NTT","1","1","","18.12","orange-ATLAS","2021-01-30 14:42:43.200","ATLAS_Bot1","","2021TNSTR.312....1T","2021TNSCR.327....1M",""
"75750","SN 2021aug","01:14:04.809","+19:25:04.71","SN Ic-BL","0.03","WISEA J011404.77+192503.5","","ALeRCE, ATLAS","ZTF, ATLAS","ZTF","ATLAS; ZTF","ZTF21aafnunh","ATLAS-HKO - ATLAS-02, P48 - ZTF-Cam","P60 - SEDM","1","1","","18.727","g-ZTF","2021-01-18 02:46:09.998","ALeRCE","","2021TNSTR.180....1M","2021TNSCR.405....1D",""
"75135","SN 2021xv","16:07:32.810","+36:46:46.33","SN Ic-BL","0.05","SDSS J160732.83+364646.1","0.061","ALeRCE, ATLAS, Fink, ZTF","ZTF, ATLAS","ZTF","ATLAS; ZTF","ZTF21aadatfg","ATLAS-MLO - ATLAS-01, P48 - ZTF-Cam","NOT - ALFOSC","1","1","","19.9349","r-ZTF","2021-01-10 12:23:34.999","ALeRCE","","2021TNSTR..96....1F","2021TNSCR.244....1S",""
"74726","SN 2021jw","04:17:34.226","-08:15:37.93","SN Ic-BL","0.06","","","YSE","Pan-STARRS","UCSC","Pan-STARRS","PS21ag","PS1 - GPC1","Keck1 - LRIS","1","1","","20.09","r-Sloan","2021-01-03 07:46:33.600","YSE_Bot1","","2021TNSTR..60....1J","2021TNSCR.133....1S",""
"72492","SN 2020abxl","05:04:22.764","-14:02:46.38","SN Ic-BL","0.0815","","","ATLAS, ZTF, Pan-STARRS","ATLAS, ZTF, Pan-STARRS","ePESSTO+","ATLAS; Pan-STARRS; ZTF","ATLAS20bgzy","ATLAS-HKO - ATLAS-02, P48 - ZTF-Cam, PS1 - GPC1","ESO-NTT - EFOSC2-NTT","1","1","","19.646","orange-ATLAS","2020-12-07 10:53:45.600","ATLAS_Bot1","","2020TNSTR3692....1T","2020TNSCR3755....1A",""
"72263","SN 2020aboq","06:38:23.730","-35:13:29.14","SN Ic-BL","0.02","","","ATLAS, GaiaAlerts","ATLAS, GaiaAlerts","ePESSTO+","ATLAS; GaiaAlerts","ATLAS20bgoz","ATLAS-HKO - ATLAS-02, ATLAS-MLO - ATLAS-01, Gaia - Gaia-photometric","ESO-NTT - EFOSC2-NTT","1","1","","18.634","orange-ATLAS","2020-12-04 11:26:52.800","ATLAS_Bot1","","2020TNSTR3653....1T","2020TNSCR3887....1P",""
"66784","SN 2020tsc","08:07:53.306","-18:41:58.40","SN Ic-BL","0.051","","","ATLAS","ATLAS","None","ATLAS","ATLAS20bbix","ATLAS-HKO - ATLAS-02, ATLAS-MLO - ATLAS-01","TNG - DOLORES","1","1","","16.01","cyan-ATLAS","2020-09-18 14:39:50.400","ATLAS_Bot1","","2020TNSTR2857....1T","2020TNSCR3230....1M",""
"66594","SN 2020tkx","18:40:09.000","+34:06:59.54","SN Ic-BL","","","","GaiaAlerts, ATLAS, ZTF, Pan-STARRS","GaiaAlerts, ATLAS, ZTF, Pan-STARRS","None","ATLAS; GaiaAlerts; Pan-STARRS; ZTF","Gaia20ehu","ATLAS-HKO - ATLAS-02, ATLAS-MLO - ATLAS-01, Gaia - Gaia-photometric, P48 - ZTF-Cam, PS1 - GPC1, PS2 - GPC2","LT - SPRAT","1","1","","18.47","G-Gaia","2020-09-14 11:48:28.800","Gaia_Bot1","","2020TNSTR2816....1H","2020TNSCR2903....1S",""
"65338","SN 2020rph","03:15:17.813","+37:00:50.74","SN Ic-BL","0.03","WISEA J031517.67+370055.3","","ALeRCE, ZTF, Pan-STARRS","ZTF, Pan-STARRS","ZTF","Pan-STARRS; ZTF","ZTF20abswdbg","P48 - ZTF-Cam, PS2 - GPC2","P60 - SEDM","1","1","","20.3646","r-ZTF","2020-08-11 11:38:56.996","ALeRCE","","2020TNSTR2527....1F","2020TNSCR2608....1D",""
"65085","SN 2020rfr","22:39:49.314","-06:26:15.91","SN Ic-BL","0.0725","SDSS J223949.25-062616.3","0.475","ALeRCE, ATLAS, ZTF, Pan-STARRS","ZTF, ATLAS, Pan-STARRS","ZTF","ATLAS; Pan-STARRS; ZTF","ZTF20abrmmah","ATLAS-HKO - ATLAS-02, ATLAS-MLO - ATLAS-01, P48 - ZTF-Cam, PS1 - GPC1, PS2 - GPC2","Keck1 - LRIS","1","1","","19.6744","g-ZTF","2020-08-12 08:01:12.996","ALeRCE","","2020TNSTR2457....1F","2020TNSCR2954....1D",""
"60604","SN 2020lao","17:06:54.600","+30:16:17.40","SN Ic-BL","0.031162","CGCG 169-041","0.031162","ALeRCE, ZTF, ATLAS, Pan-STARRS, GaiaAlerts","ZTF, ATLAS, Pan-STARRS, GaiaAlerts","Global SN Project","ATLAS; GaiaAlerts; Pan-STARRS; ZTF","ZTF20abbplei","ATLAS-HKO - ATLAS-02, Gaia - Gaia-photometric, P48 - ZTF-Cam, PS1 - GPC1, PS2 - GPC2","FTN - FLOYDS-N","1","1","","19.6895","g-ZTF","2020-05-25 09:54:55.002","ALeRCE","","2020TNSTR1550....1F","2020TNSCR1666....1B",""
"59926","SN 2020kba","15:58:42.585","+08:59:44.66","SN Ic-BL","0.066","","","ATLAS, ZTF, Pan-STARRS","ATLAS, ZTF, Pan-STARRS","ZTF, DEHVILS","ATLAS; Pan-STARRS; ZTF","ATLAS20mjj","ATLAS-HKO - ATLAS-02, ATLAS-MLO - ATLAS-01, P48 - ZTF-Cam, PS1 - GPC1, PS2 - GPC2","LT - SPRAT, NOT - ALFOSC, SALT - RSS","1","1","","19.507","orange-ATLAS","2020-05-15 12:33:07.200","ATLAS_Bot1","","2020TNSTR1348....1T","2020TNSCR1708....1P, 2020TNSCR2050....1J, 2022TNSCR2002....1S",""
"59648","SN 2020jqm","13:49:18.564","-03:46:10.27","SN Ic-BL","0.03696","LCRS B134642.6-033118","0.036962","ALeRCE, Pan-STARRS, ATLAS","ZTF, Pan-STARRS, ATLAS","ZTF","ATLAS; Pan-STARRS; ZTF","ZTF20aazkjfv","ATLAS-HKO - ATLAS-02, ATLAS-MLO - ATLAS-01, P48 - ZTF-Cam, PS1 - GPC1","P60 - SEDM","1","1","","19.4171","r-ZTF","2020-05-11 06:32:22.004","ALeRCE","","2020TNSTR1297....1F","2020TNSCR1592....1D",""
"58487","SN 2020hyj","16:23:47.232","+29:58:58.50","SN Ic-BL","0.055","","","ZTF, Pan-STARRS","ZTF, Pan-STARRS","ZTF","Pan-STARRS; ZTF","ZTF20aavcvrm","P48 - ZTF-Cam, PS1 - GPC1","P60 - SEDM","1","1","","20.33","g-ZTF","2020-04-16 09:58:06.240","ZTF_AMPEL_COMPLETE","","2020TNSTR1112....1N","2020TNSCR1186....1D",""
"57922","SN 2020hes","17:47:05.720","+42:46:39.83","SN Ic-BL","0.07","SDSS J174705.68+424639.9","0.295","ALeRCE, ZTF, ATLAS, GaiaAlerts, Pan-STARRS","ZTF, ATLAS, GaiaAlerts, Pan-STARRS","ZTF","ATLAS; GaiaAlerts; Pan-STARRS; ZTF","ZTF20aaurexl","ATLAS-HKO - ATLAS-02, ATLAS-MLO - ATLAS-01, Gaia - Gaia-photometric, P48 - ZTF-Cam, PS1 - GPC1","P60 - SEDM","1","1","","18.6205","g-ZTF","2020-04-14 10:22:06.001","ALeRCE","","2020TNSTR1027....1F","2020TNSCR1130....1D",""
"56627","SN 2020fhj","16:08:28.420","+29:00:46.27","SN Ic-BL","0.085","","","YSE, ATLAS, Pan-STARRS","Pan-STARRS, ATLAS","None","ATLAS; Pan-STARRS","PS20anq","ATLAS-HKO - ATLAS-02, ATLAS-MLO - ATLAS-01, PS1 - GPC1, PS2 - GPC2","Ekar - AFOSC","1","1","","18.91","g-Sloan","2020-03-29 14:58:33.600","YSE_Bot1","","2020TNSTR.903....1J","2020TNSCR1016....1I",""
"54668","SN 2020dgd","15:45:35.533","+29:18:38.51","SN Ic-BL","0.03","","","ZTF, Pan-STARRS","ZTF, Pan-STARRS","ZTF","Pan-STARRS; ZTF","ZTF20aapcbmc","P48 - ZTF-Cam, PS1 - GPC1","P60 - SEDM","1","1","","18.99","r-ZTF","2020-02-19 12:25:24.000","ZTF_AMPEL_COMPLETE","","2020TNSTR.613....1N","2020TNSCR1935....1D",""
"53690","SN 2020bvc","14:33:57.009","+40:14:37.62","SN Ic-BL","0.025235","UGC 09379","0.025235","ASAS-SN, ZTF, ATLAS, MASTER, Pan-STARRS","ASAS-SN, ZTF, ATLAS, MASTER, Pan-STARRS","Global SN Project, ZTF","ASAS-SN; ATLAS; MASTER; Pan-STARRS; ZTF","ASASSN-20bs","ASASSN-1 - Brutus, ATLAS-HKO - ATLAS-02, ATLAS-MLO - ATLAS-01, Other - Other, P48 - ZTF-Cam, PS2 - GPC2","FTN - FLOYDS-N, LT - SPRAT","1","1","","17","g-Sloan","2020-02-04 14:52:48.000","Stanek","","2020TNSTR.381....1S","2020TNSCR.403....1H, 2020TNSCR1488....1P",""
"53092","SN 2020ayz","12:12:04.895","+32:44:01.73","SN Ic-BL","0.025","KUG 1209+330","0.025149","ALeRCE, ZTF, ATLAS","ZTF, ATLAS","ZTF","ATLAS; ZTF","ZTF20aaiqiti","ATLAS-HKO - ATLAS-02, ATLAS-MLO - ATLAS-01, P48 - ZTF-Cam","P60 - SEDM","1","1","","19.9997","g-ZTF","2020-01-26 09:36:28.000","ALeRCE","","2020TNSTR.263....1F","2020TNSCR.379....1D",""
"52360","SN 2020zg","04:02:36.387","-16:11:54.33","SN Ic-BL","0.0557","WISEA J040236.46-161152.0","","ALeRCE, ATLAS, ZTF, Pan-STARRS","ZTF, ATLAS, Pan-STARRS","ZTF","ATLAS; Pan-STARRS; ZTF","ZTF20aafmdzj","ATLAS-HKO - ATLAS-02, ATLAS-MLO - ATLAS-01, P48 - ZTF-Cam, PS1 - GPC1","P200 - DBSP","1","1","","17.914","g-ZTF","2020-01-15 03:02:36.000","ALeRCE","","2020TNSTR.141....1F","2020TNSCR.688....1D",""
"49736","SN 2019xcc","11:01:12.393","+16:43:29.11","SN Ic-BL","0.029","CGCG 095-091","0.028677","ALeRCE, ATLAS","ZTF, ATLAS","TCD","ATLAS; ZTF","ZTF19adaiomg","ATLAS-MLO - ATLAS-01, P48 - ZTF-Cam","LT - SPRAT","1","1","","19.3992","r-ZTF","2019-12-19 11:33:32.000","ALeRCE","","2019TNSTR2642....1F","2019TNSCR2659....1P",""
"47516","SN 2019tvk","00:35:36.974","-11:28:30.99","SN Ic-BL","0.0796","","","ATLAS, ZTF, Pan-STARRS","ATLAS, ZTF, Pan-STARRS","ePESSTO+","ATLAS; Pan-STARRS; ZTF","ATLAS19znl","ATLAS-MLO - ATLAS-01, P48 - ZTF-Cam, PS2 - GPC2","ESO-NTT - EFOSC2-NTT","1","1","","19.267","orange-ATLAS","2019-10-31 08:51:21.000","ATLAS_Bot1","","2019TNSTR2239....1T","2019TNSCR2272....1C",""
"45047","SN 2019qfi","21:51:07.894","+12:25:38.57","SN Ic-BL","0.0285","","","ATLAS, Pan-STARRS, ZTF","ATLAS, Pan-STARRS, ZTF","ZTF","ATLAS; Pan-STARRS; ZTF","ATLAS19vdc","ATLAS-HKO - ATLAS-02, ATLAS-MLO - ATLAS-01, P48 - ZTF-Cam, PS1 - GPC1, PS2 - GPC2","P60 - SEDM","1","1","","18.81","orange-ATLAS","2019-09-17 07:00:28.000","ATLAS_Bot1","","2019TNSTR1841....1T","2019TNSCR1923....1F",""
"44393","SN 2019pgo","23:53:00.050","+25:07:16.46","SN Ic-BL","0.05","","","TNTS, ZTF, ATLAS, Pan-STARRS","TNTS, ZTF, ATLAS, Pan-STARRS","ZTF","ATLAS; Pan-STARRS; TNTS; ZTF","","ATLAS-HKO - ATLAS-02, BAO-0.6m - BATC, P48 - ZTF-Cam, PS1 - GPC1","LT - SPRAT","1","1","","18.4","Clear-","2019-09-01 14:24:00.000","Li","","2019TNSTR1699....1Z","2019TNSCR1855....1F",""
"43976","SN 2019oqp","16:38:33.204","+45:37:52.18","SN Ic-BL","0.030821","","","ATLAS, ZTF, Pan-STARRS","ATLAS, ZTF, Pan-STARRS","ZTF","ATLAS; Pan-STARRS; ZTF","ATLAS19tbp","ATLAS-HKO - ATLAS-02, P48 - ZTF-Cam, PS1 - GPC1","P200 - DBSP","1","1","","19.316","cyan-ATLAS","2019-08-25 06:28:48.000","ATLAS_Bot1","","2019TNSTR1623....1T","2019TNSCR1757....1F",""
"43637","SN 2019odp","23:07:19.090","+13:51:21.42","SN Ic-BL","0.014353","","","ZTF, Pan-STARRS, ATLAS, GaiaAlerts","ZTF, Pan-STARRS, ATLAS, GaiaAlerts","ePESSTO+, ZTF","ATLAS; GaiaAlerts; Pan-STARRS; ZTF","ZTF19abqwtfu","ATLAS-HKO - ATLAS-02, ATLAS-MLO - ATLAS-01, Gaia - Gaia-photometric, P48 - ZTF-Cam, PS1 - GPC1, PS2 - GPC2","ESO-NTT - EFOSC2-NTT, P60 - SEDM","1","1","","18.72","g-ZTF","2019-08-21 09:19:53.000","ZTF_AMPEL_NEW","","2019TNSTR1585....1N","2019TNSCR1595....1B, 2019TNSCR2847....1F",""
"42979","SN 2019nep","06:03:16.426","+53:36:28.85","SN Ic-BL","0.0383","","","ZTF","ZTF","ZTF","ZTF","ZTF19abpangr","P48 - ZTF-Cam","P200 - DBSP","1","1","","18.42","r-ZTF","2019-08-10 11:16:33.000","ZTF_AMPEL_NEW","","2019TNSTR1472....1N","2019TNSCR1961....1D",""
"42552","SN 2019mof","00:06:05.055","-28:00:51.27","SN Ic-BL","0.027","","","ATLAS","ATLAS","ePESSTO+","ATLAS","ATLAS19rhi","ATLAS-MLO - ATLAS-01","ESO-NTT - EFOSC2-NTT","1","1","","18.246","orange-ATLAS","2019-08-04 13:55:12.000","ATLAS_Bot1","","2019TNSTR1407....1T","2019TNSCR1441....1A",""
"42549","SN 2019moc","23:55:45.950","+21:57:19.73","SN Ic-BL","0.0558","","","ATLAS, ZTF, GaiaAlerts","ATLAS, ZTF, GaiaAlerts","ZTF","ATLAS; GaiaAlerts; ZTF","ATLAS19rgu","ATLAS-HKO - ATLAS-02, ATLAS-MLO - ATLAS-01, Gaia - Gaia-photometric, P48 - ZTF-Cam","P200 - DBSP","1","1","","18.54","cyan-ATLAS","2019-08-04 11:15:21.000","ATLAS_Bot1","","2019TNSTR1407....1T","2019TNSCR1505....1D",""
"41871","SN 2019loe","23:51:55.741","+10:52:49.11","SN Ic-BL","0.115","","","ZTF","ZTF","ePESSTO+","ZTF","ZTF19abeyuxt","P48 - ZTF-Cam","ESO-NTT - EFOSC2-NTT","1","1","","20.25","g-ZTF","2019-07-08 10:14:40.000","ZTF_AMPEL_COMPLETE","","2019TNSTR1295....1N","2019TNSCR1379....1A",""
"41557","SN 2019lci","16:31:01.620","+08:28:23.74","SN Ic-BL","0.0292","","","ZTF, ATLAS, GaiaAlerts","ZTF, ATLAS, GaiaAlerts","ZTF","ATLAS; GaiaAlerts; ZTF","ZTF19abfsxpw","ATLAS-HKO - ATLAS-02, ATLAS-MLO - ATLAS-01, Gaia - Gaia-photometric, P48 - ZTF-Cam","P60 - SEDM","1","1","","19.15","g-ZTF","2019-07-11 07:05:55.000","ZTF_AMPEL_NEW","","2019TNSTR1202....1N","2019TNSCR1215....1D",""
"39256","SN 2019hsx","18:12:56.219","+68:21:45.21","SN Ic-BL","0.020652","","","ZTF","ZTF","ZTF","ZTF","ZTF19aawqcgy","P48 - ZTF-Cam","P60 - SEDM","1","1","","18.62","r-ZTF","2019-06-02 07:55:12.000","ZTF_Bot1","","2019TNSTR1032....1F","2019TNSCR1033....1F",""
"38660","SN 2019gwc","16:03:26.890","+38:11:02.62","SN Ic-BL","0.038003","","","ZTF, ATLAS, GaiaAlerts, Pan-STARRS","ZTF, ATLAS, GaiaAlerts, Pan-STARRS","ZTF","ATLAS; GaiaAlerts; Pan-STARRS; ZTF","ZTF19aaxfcpq","ATLAS-MLO - ATLAS-01, Gaia - Gaia-photometric, P48 - ZTF-Cam, PS1 - GPC1, PS2 - GPC2","P60 - SEDM","1","1","","19.73","r-ZTF","2019-06-04 06:42:59.000","ZTF_AMPEL_NEW","","2019TNSTR.930....1N","2019TNSCR1029....1F",""
"38146","SN 2019gcl","11:56:55.020","+22:08:31.51","SN Ic-BL","0.027","","","ZTF, ATLAS","ZTF, ATLAS","Global SN Project, ZTF","ATLAS; ZTF","ZTF19aavkvpw","ATLAS-HKO - ATLAS-02, ATLAS-MLO - ATLAS-01, P48 - ZTF-Cam","FTN - FLOYDS-N, P200 - DBSP","1","1","","17.94","r-ZTF","2019-05-30 04:28:35.000","ZTF_AMPEL_NEW","","2019TNSTR.882....1N","2019TNSCR.932....1B, 2019TNSCR2814....1F",""
"37613","SN 2019fie","09:04:50.224","+00:56:40.50","SN Ic-BL","0.076","","","ZTF","ZTF","None","ZTF","ZTF19aauvlxk","P48 - ZTF-Cam","SOAR - Goodman","1","1","","18.99","r-ZTF","2019-05-14 05:03:52.000","ZTF_AMPEL_COMPLETE","","2019TNSTR.779....1N","2019TNSCR.824....1C",""
"37230","SN 2019eto","09:49:50.515","+12:41:44.20","SN Ic-BL","0.03","NGC 3016","0.02985","ASAS-SN","ASAS-SN","ASAS-SN","ASAS-SN","ASASSN-19ma","ASASSN-1 - Brutus, ASASSN-3 - Paczynski","LT - SPRAT","1","1","","17.134","g-Sloan","2019-05-07 07:56:38.000","Bersier","","2019TNSTR.722....1B","2019TNSCR.825....1B",""
"35774","SN 2019cqr","16:54:10.474","+61:11:42.42","SN Ic-BL","0.1","","","ATLAS, ZTF","ATLAS, ZTF","SCAT","ATLAS; ZTF","ATLAS19els","ATLAS-HKO - ATLAS-02, ATLAS-MLO - ATLAS-01, P48 - ZTF-Cam","UH88 - SNIFS","1","1","","19.116","orange-ATLAS","2019-03-30 14:12:28.000","ATLAS_Bot1","","2019TNSTR.473....1T","2019TNSCR.514....1T",""
"35173","SN 2019but","13:24:07.052","+08:55:35.88","SN Ic-BL","0.15","","","ATLAS, Pan-STARRS","ATLAS, Pan-STARRS","ePESSTO","ATLAS; Pan-STARRS","ATLAS19dyx","ATLAS-MLO - ATLAS-01, PS1 - GPC1","ESO-NTT - EFOSC2-NTT","1","1","","19.115","orange-ATLAS","2019-03-14 12:27:21.000","ATLAS_Bot1","","2019TNSTR.383....1T","2019TNSCR.417....1B",""
"34616","SN 2019azq","15:16:39.560","-07:23:33.32","SN Ic-BL","0.034","","","ATLAS, GaiaAlerts, ZTF","ATLAS, GaiaAlerts, ZTF","Padova-Asiago","ATLAS; GaiaAlerts; ZTF","ATLAS19dkk","ATLAS-MLO - ATLAS-01, Gaia - Gaia-photometric, P48 - ZTF-Cam","Ekar - AFOSC","1","1","","18.216","orange-ATLAS","2019-02-22 13:26:24.000","ATLAS_Bot1","","2019TNSTR.267....1T","2019TNSCR.313....1V",""
"33678","SN 2019qg","13:41:01.790","+38:59:09.74","SN Ic-BL","0.08","","","ZTF, ATLAS","ZTF, ATLAS","SCAT","ATLAS; ZTF","ZTF18aacdbzx","ATLAS-MLO - ATLAS-01, P48 - ZTF-Cam","UH88 - SNIFS","1","1","","19.74","g-ZTF","2019-01-08 11:49:37.000","ZTF_AMPEL_NEW","","2019TNSTR..74....1N","2019TNSCR..97....1P",""
"32663","SN 2018kqr","08:50:03.608","+55:10:09.53","SN Ic-BL","0.045","","","Pan-STARRS, ZTF","Pan-STARRS, ZTF","ZTF","Pan-STARRS; ZTF","PS18ckp","P48 - ZTF-Cam, PS1 - GPC1","P200 - DBSP","1","1","","19.97","w-P1","2018-12-17 12:36:00.000","PS1_Bot1","","2018TNSTR1973....1C","2020TNSCR2316....1D",""
"32349","SN 2018keq","23:22:41.965","+21:00:43.26","SN Ic-BL","0.04","","","ZTF","ZTF","ZTF","ZTF","ZTF18acxgoki","P48 - ZTF-Cam","","1","1","","19.0308","r-ZTF","2018-12-17 02:13:51.000","ZTF_AMPEL_NEW","","2018TNSTR1951....1N","2019TNSCR..32....1F",""
"31405","SN 2018ium","10:10:31.700","+10:02:37.03","SN Ic-BL","0.03167","","","ZTF, GaiaAlerts","ZTF, GaiaAlerts","ZTF","GaiaAlerts; ZTF","ZTF18achdzwk","Gaia - Gaia-photometric, P48 - ZTF-Cam","","1","1","","19.4667","r-ZTF","2018-11-10 12:55:53.000","ZTF_AMPEL_NEW","","2018TNSTR1809....1N","2019TNSCR.489....1F",""
"30806","SN 2018hxo","21:09:05.805","+14:32:27.72","SN Ic-BL","0.048","","","ATLAS, ZTF","ATLAS, ZTF","ZTF","ATLAS; ZTF","ATLAS18wan","ATLAS-HKO - ATLAS-02, ATLAS-MLO - ATLAS-01, P48 - ZTF-Cam","","1","1","","18.36","orange-ATLAS","2018-09-25 09:54:43.000","ATLAS_Bot1","","2018TNSTR1713....1T","2020TNSCR1924....1D",""
"30665","SN 2018hsf","02:40:12.772","-19:58:44.94","SN Ic-BL","0.119","","","ZTF, ATLAS","ZTF, ATLAS","ZTF","ATLAS; ZTF","ZTF18acbvpzj","ATLAS-HKO - ATLAS-02, ATLAS-MLO - ATLAS-01, P48 - ZTF-Cam","","1","1","","19.42","r-ZTF","2018-10-31 08:00:57.000","ZTF_Bot1","","2018TNSTR1674....1F","2018TNSCR1877....1F",""
"30567","SN 2018hom","22:59:22.950","+08:45:04.64","SN Ic-BL","0.0362","","","ATLAS, GaiaAlerts, ZTF","ATLAS, GaiaAlerts, ZTF","ZTF","ATLAS; GaiaAlerts; ZTF","ATLAS18xyr","ATLAS-HKO - ATLAS-02, ATLAS-MLO - ATLAS-01, Gaia - Gaia-photometric, P48 - ZTF-Cam","P60 - SEDM","1","1","","17.291","orange-ATLAS","2018-10-24 10:20:38.000","ATLAS_Bot1","","2018TNSTR1634....1T","2018TNSCR1720....1F",""
"29993","SN 2018gsy","06:19:14.609","+60:56:22.60","SN Ic-BL","0.073","","","ZTF, ATLAS","ZTF, ATLAS","ZTF","ATLAS; ZTF","ZTF18abvfjwt","ATLAS-MLO - ATLAS-01, P48 - ZTF-Cam","","1","1","","19.35","g-ZTF","2018-09-13 10:52:19.000","ZTF_Bot1","","2018TNSTR1436....1F","2020TNSCR1667....1D",""
"29755","SN 2018gju","00:08:11.786","-04:17:06.81","SN Ic-BL","0.05","","","ATLAS","ATLAS","ePESSTO","ATLAS","ATLAS18vhr","ATLAS-MLO - ATLAS-01","ESO-NTT - EFOSC2-NTT","1","1","","19.344","orange-ATLAS","2018-09-15 11:49:55.000","ATLAS_Bot1","","2018TNSTR1390....1T","2018TNSCR1410....1G",""
"29729","SN 2018giu","20:27:49.216","+09:54:51.90","SN Ic-BL","0.026","","","ATLAS","ATLAS","ePESSTO","ATLAS","ATLAS18vgb","ATLAS-MLO - ATLAS-01","ESO-NTT - EFOSC2-NTT","1","1","","18.726","orange-ATLAS","2018-09-15 08:52:48.000","ATLAS_Bot1","","2018TNSTR1384....1T","2018TNSCR1403....1W",""
"29620","SN 2018gep","16:43:48.201","+41:02:43.38","SN Ic-BL","0.032","SDSS J164348.22+410243.3","0.033","ZTF, ATLAS","ZTF, ATLAS","Global SN Project","ATLAS","ZTF18abukavn","ATLAS-HKO - ATLAS-02, P48 - ZTF-Cam","FTN - FLOYDS-N","1","1","","20.48","r-ZTF","2018-09-09 03:55:17.000","Ho","","2018TNSTR1357....1H","2018TNSCR1442....1B",""
"29047","SN 2018fip","16:54:15.750","-54:02:39.27","SN Ic-BL","0.117","","","MASTER","MASTER","STARGATE","MASTER","MASTER OT J165415.75-540239.27","Other - Other","VLT-UT2 - X-Shooter","1","1","2018-08-25","14.5","Clear-","2018-07-28 17:29:38.000","Lipunov","","2018TNSTR1245....1L","2018TNSCR1249....1S",""
"28651","SN 2018etk","15:17:02.530","+03:56:38.80","SN Ic-BL","0.04415","","","ATLAS, ZTF, GaiaAlerts","ATLAS, ZTF, GaiaAlerts","ZTF","ATLAS; GaiaAlerts; ZTF","ATLAS18thw","ATLAS-MLO - ATLAS-01, Gaia - Gaia-photometric, P48 - ZTF-Cam","P200 - DBSP, P60 - SEDM","1","1","","18.517","orange-ATLAS","2018-08-06 07:16:19.000","ATLAS_Bot1","","2018TNSTR1123....1T","2018TNSCR1169....1F, 2020TNSCR2234....1D",""
"28442","SN 2018ell","16:49:57.015","+27:38:26.78","SN Ic-BL","0.0638","","","ZTF, Pan-STARRS","ZTF, Pan-STARRS","ZTF","Pan-STARRS; ZTF","ZTF18abhhnnv","P48 - ZTF-Cam, PS1 - GPC1","P60 - SEDM","1","1","","19.81","r-ZTF","2018-07-19 06:27:21.000","ZTF_Bot1","","2018TNSTR1058....1F","2018TNSCR1072....1F, 2020TNSCR1667....1D",""
"27170","SN 2018cow","16:16:00.220","+22:16:04.91","SN Ic-BL","0","","","ATLAS, ZTF, GaiaAlerts","ATLAS, ZTF, GaiaAlerts","ZTF, None","ATLAS; GaiaAlerts; ZTF","ATLAS18qqn","ATLAS-MLO - ATLAS-01, Gaia - Gaia-photometric, P48 - ZTF-Cam","Keck1 - LRIS, P60 - SEDM","1","1","","14.739","orange-ATLAS","2018-06-16 10:35:02.000","ATLAS_Bot1","","2018TNSTR.838....1T","2018TNSCR.873....1F, 2018TNSCR2189....1H, 2020TNSCR1480....1H",""
"26665","SN 2018bvw","11:52:43.621","+25:40:30.12","SN Ic-BL","0.054","","","ZTF","ZTF","ZTF","ZTF","ZTF18aaqjovh","P48 - ZTF-Cam","P60 - SEDM","1","1","","18.65","r-ZTF","2018-05-05 04:04:48.000","ZTF_Bot1","","2018TNSTR.691....1F","2019TNSCR.892....1F",""
"25278","SN 2018yg","12:25:58.523","+04:28:26.85","SN Ic-BL","0.018469","ARK 364","0.018469","ASAS-SN, ATLAS","ASAS-SN, ATLAS","ASAS-SN","ASAS-SN; ATLAS","ASASSN-18dr","ASASSN-4 - Leavitt, ASASSN-5 - Payne-Gaposchkin, ATLAS-HKO - ATLAS-02, ATLAS-MLO - ATLAS-01","MDM-2.4 - OSMOS","1","1","","17.2","g-Sloan","2018-02-23 05:16:48.000","Stanek","","2018TNSTR.266....1S","2018TNSCR.306....1P",""
"24916","SN 2018kq","09:24:57.173","+40:23:55.14","SN Ic-BL","0.027","KUG 0921+406","0.027804","ASAS-SN","ASAS-SN","iPTF","ASAS-SN","ASASSN-18bj","ASASSN-4 - Leavitt","P60 - SEDM","1","1","","17.7","g-Sloan","2018-01-24 07:55:12.000","Stanek","","2018TNSTR.111....1K","2018TNSCR.120....1N",""
"24850","SN 2018if","09:14:23.840","+49:35:32.90","SN Ic-BL","0.031","SDSS J091423.85+493533.4","","TNTS","TNTS","TNTS","TNTS","","BAO-0.6m - BATC","Lijiang-2.4m - YFOSC","1","1","","17.6","Clear-","2018-01-18 19:12:00.000","Li","","2018TNSTR..88....1X","2018TNSCR.104....1Z",""
"24849","SN 2018ie","10:54:01.040","-16:01:21.58","SN Ic-BL","","NGC 3456","","LOSS, GaiaAlerts","LOSS, GaiaAlerts","None","GaiaAlerts; LOSS","kait-18A","Gaia - Gaia-photometric, Other - Other","BAO-2.16m - Cassegrain","1","1","","16.8","Clear-","2018-01-18 12:06:10.000","Zheng","","2018TNSTR..85....1T","2018TNSCR..94....1L",""
"23880","SN 2017ixv","19:21:31.240","+61:08:51.76","SN Ic-BL","0.007302","NGC 6796","","","","None, Padova-Asiago","","","Other - Other","Ekar - BC-Ekar, Other - Other","1","1","","16","Clear-","2017-12-17 19:55:12.000","cortini","","2017TNSTR1423....1C","2017TNSCR1435....1L, 2017TNSCR1557....1B",""
"23788","SN 2017iuk","11:09:39.510","-12:35:18.49","SN Ic-BL","0.0368"," 2MASX J11093966-1235116","0.0368","HETH, GaiaAlerts, Pan-STARRS","HETH, GaiaAlerts, Pan-STARRS","HETH","GaiaAlerts; HETH; Pan-STARRS; STARGATE","HETH-SN1","Gaia - Gaia-photometric, GTC - OSIRIS, PS1 - GPC1","GTC - OSIRIS","1","1","","18.72","r-Sloan","2017-12-07 06:05:00.000","de Ugarte Postigo","","2017TNSTR1383....1P","2017TNSCR1387....1P",""
"23363","SN 2017ifh","06:35:03.541","+50:26:27.65","SN Ic-BL","0.039","2MASX J06350438+5026278","","TNTS, ATLAS","TNTS, ATLAS","None","ATLAS; TNTS","","ATLAS-MLO - ATLAS-01, BAO-0.6m - BATC","Keck1 - LRIS","1","1","","18","Clear-","2017-11-15 18:00:00.000","Li","","2017TNSTR1266....1Z","2017TNSCR1329....1J",""
"23059","SN 2017htp","04:26:19.460","-10:27:45.90","SN Ic-BL","0.328","PSOJ042619.553-102745.801","0.328","STARGATE","STARGATE","STARGATE","STARGATE","GRB171010A SN","VLT-UT3 - VIMOS","VLT-UT2 - X-Shooter","1","1","","21.8","R-Cousins","2017-11-01 06:00:00.000","Malesani","","2017TNSTR1207....1P","2017TNSCR1209....1P",""
"19828","SN 2017dcc","12:49:04.880","-12:12:22.57","SN Ic-BL","0.043","","","ATLAS, GaiaAlerts","ATLAS, GaiaAlerts","ePESSTO","ATLAS; GaiaAlerts","ATLAS17eac","ATLAS-HKO - ATLAS-02, Gaia - Gaia-photometric","ESO-NTT - EFOSC2-NTT","1","1","","17.07","orange-ATLAS","2017-04-16 10:48:00.000","ATLAS_Bot1","","2017TNSTR.440....1T","2017TNSCR.468....1G",""
"18343","SN 2017axg","12:36:30.720","+51:38:39.84","SN Ic-BL","0.0586","","","ATLAS, GaiaAlerts, iPTF, Pan-STARRS","ATLAS, GaiaAlerts, iPTF, Pan-STARRS","iPTF","ATLAS; GaiaAlerts; iPTF; Pan-STARRS","ATLAS17bcb","ATLAS-HKO - ATLAS-02, Gaia - Gaia-photometric, P48 - CFH12k, PS1 - GPC1","P200 - DBSP","1","1","","18.99","cyan-ATLAS","2017-02-02 12:46:04.000","ATLAS_Bot1","","2017TNSTR.205....1T","2021TNSCR2382....1S",""
"17121","SN 2017cw","09:03:38.377","+43:05:50.28","SN Ic-BL","0.093","","","iPTF","iPTF","iPTF","iPTF","iPTF17cw","P48 - CFH12k","Keck1 - LRIS","1","1","2019-01-07","19.554","R-PTF","2017-01-07 07:39:21.000","iPTF_Bot1","","2019TNSTR..38....1K","2021TNSCR2382....1S",""
"16889","SN 2016jca","06:06:51.430","-26:47:29.50","SN Ic-BL","0.1475","","0.1475","","","None","","SN-GRB161219B","VLT-UT1 - FORS2","VLT-UT1 - FORS2","1","1","","19","r-Sloan","2016-12-25 23:00:00.000","Pian","","2016TNSTR1090....1P","2016TNSCR1094....1P",""
"16511","SN 2016ino","17:22:44.400","+62:09:44.17","SN Ic-BL","0.031","NGC6365A","","GaiaAlerts","GaiaAlerts","None","GaiaAlerts","","Gaia - Gaia-photometric, Other - Other","Other - Other","1","1","","17.8","Clear-","2016-11-25 18:01:26.000","Arbour","","2016TNSTR.956....1A","2016TNSCR1031....1L",""
"16454","SN 2016ilj","00:55:16.320","+12:19:10.99","SN Ic-BL","0.039451","","","GaiaAlerts, iPTF, Pan-STARRS","GaiaAlerts, iPTF, Pan-STARRS","iPTF","GaiaAlerts; iPTF; Pan-STARRS","Gaia16byz","Gaia - Gaia-photometric, P48 - CFH12k, PS1 - GPC1","NOT - ALFOSC","1","1","","18.11","G-Gaia","2016-11-27 22:07:40.000","Gaia_Bot1","","2016TNSTR.975....1D","2021TNSCR2382....1S",""
"15175","SN 2016gox","00:12:28.230","+32:45:02.34","SN Ic-BL","0.042029","","","Pan-STARRS, iPTF","Pan-STARRS, iPTF","iPTF","iPTF; Pan-STARRS","PS16fcy","P48 - CFH12k, PS1 - GPC1","P200 - DBSP","1","1","","19.64","i-Sloan","2016-10-10 07:33:36.000","PS1_Bot1","","2016TNSTR.931....1C","2021TNSCR2382....1S",""
"12440","SN 2016coi","21:59:04.100","+18:11:10.70","SN Ic-BL","0.0036","UGC 11868","0.003646","ASAS-SN, GaiaAlerts, iPTF","ASAS-SN, GaiaAlerts, iPTF","NUTS","ASAS-SN; GaiaAlerts; iPTF","ASASSN-16fp","ASASSN-1 - Brutus, Gaia - Gaia-photometric, P48 - CFH12k","NOT - ALFOSC","1","1","","15.7","V-Johnson","2016-05-27 12:57:36.000","Stanek","","2016TNSTR.379....1S","2016TNSCR.766....1E",""
"10018","SN 2016P","13:57:31.100","+06:05:51.00","SN Ic-BL","0.0146","NGC 5374","","RANSSP","RANSSP","None","","","Other - Other","Lijiang-2.4m - YFOSC","1","1","","16","Clear-","2016-01-19 04:36:28.000","Duszanowicz","","2016TNSTR..33....1D","2016TNSCR..40....1Z",""
"10008","SN 2016G","03:03:57.700","+43:24:03.60","SN Ic-BL","0.009","NGC 1171","","GaiaAlerts","GaiaAlerts","None","GaiaAlerts","","Gaia - Gaia-photometric, Other - Other","Lijiang-2.4m - YFOSC","1","1","","17.2","Clear-","2016-01-09 22:26:24.000","Grzegorzek","","2016TNSTR...8....1G","2016TNSCR..12....1Z",""